{
  "UTIL_ClientPrintAll": {
    "signatures": {
      "library": "server",
      "windows": "\\x48\\x89\\x5C\\x24\\x08\\x48\\x89\\x6C\\x24\\x10\\x48\\x89\\x74\\x24\\x18\\x57\\x48\\x81\\xEC\\x70\\x01\\x2A\\x2A\\x8B\\xE9",
      "linux": "\\x55\\x48\\x89\\xE5\\x41\\x57\\x49\\x89\\xD7\\x41\\x56\\x49\\x89\\xF6\\x41\\x55\\x41\\x89\\xFD"
    }
  },
  "ClientPrint": {
    "signatures": {
      "library": "server",
      "windows": "\\x48\\x85\\xC9\\x0F\\x84\\x2A\\x2A\\x2A\\x2A\\x48\\x8B\\xC4\\x48\\x89\\x58\\x18",
      "linux": "\\x55\\x48\\x89\\xE5\\x41\\x57\\x49\\x89\\xCF\\x41\\x56\\x49\\x89\\xD6\\x41\\x55\\x41\\x89\\xF5\\x41\\x54\\x4C\\x8D\\xA5\\xA0\\xFE\\xFF\\xFF"
    }
  },
  "CCSPlayerController_SwitchTeam": {
    "signatures": {
      "library": "server",
      "windows": "\\x40\\x56\\x57\\x48\\x81\\xEC\\x2A\\x2A\\x2A\\x2A\\x48\\x8B\\xF9\\x8B\\xF2\\x8B\\xCA",
      "linux": "\\x55\\x48\\x89\\xE5\\x41\\x55\\x49\\x89\\xFD\\x89\\xF7"
    }
  },
  "CCSPlayerController_ChangeTeam": {
    "offsets": {
      "windows": 93,
      "linux": 92
    }
  },
  "CCSPlayerController_Respawn": {
    "offsets": {
        "windows": 244,
        "linux": 246
    }
  },
  "CBasePlayerController_SetPawn": {
    "signatures": {
      "library": "server",
      "windows": "\\x44\\x88\\x4C\\x24\\x20\\x55\\x57\\x41\\x54\\x41\\x56\\x41\\x57\\x48\\x8D\\x6C\\x24\\x2A\\x48\\x81\\xEC\\x2A",
      "linux": "\\x55\\x48\\x89\\xE5\\x41\\x57\\x41\\x56\\x41\\x55\\x41\\x54\\x49\\x89\\xFC\\x53\\x48\\x89\\xF3\\x48\\x81\\xEC\\xC8\\x00\\x00\\x00"
    }
  },
  "CCSPlayerPawnBase_PostThink": {
    "signatures": {
      "library": "server",
      "windows": "\\x48\\x8B\\xC4\\x48\\x89\\x48\\x08\\x55\\x53\\x56\\x57\\x41\\x56\\x48\\x8D\\xA8\\xD8\\xFE\\xFF\\xFF",
      "linux": "\\x55\\x48\\x89\\xE5\\x41\\x57\\x41\\x56\\x41\\x55\\x41\\x54\\x53\\x48\\x89\\xFB\\x48\\x81\\xEC\\x2A\\x2A\\x2A\\x2A\\xE8\\x2A\\x2A\\x2A\\x2A\\x48\\x89\\xDF"
    }
  },
  "GiveNamedItem": {
    "signatures": {
      "library": "server",
      "windows": "\\x48\\x89\\x5C\\x24\\x18\\x48\\x89\\x74\\x24\\x20\\x55\\x57\\x41\\x54\\x41\\x56\\x41\\x57\\x48\\x8D\\x6C\\x24\\xD9",
      "linux": "\\x55\\x48\\x89\\xE5\\x41\\x57\\x41\\x56\\x49\\x89\\xCE\\x41\\x55\\x49\\x89\\xF5\\x41\\x54\\x49\\x89\\xD4"
    }
  },
  "UTIL_Remove": {
    "signatures": {
      "library": "server",
      "windows": "\\x48\\x85\\xC9\\x74\\x2A\\x48\\x8B\\xD1\\x48\\x8B\\x0D\\x2A\\x2A\\x2A\\x2A",
      "linux": "\\x48\\x89\\xFE\\x48\\x85\\xFF\\x74\\x2A\\x48\\x8D\\x05\\x2A\\x2A\\x2A\\x2A\\x48"
    }
  },
  "Host_Say": {
    "signatures": {
      "library": "server",
      "windows": "\\x44\\x89\\x4C\\x24\\x20\\x44\\x88\\x44\\x24\\x18",
      "linux": "\\x55\\x48\\x89\\xE5\\x41\\x57\\x49\\x89\\xFF\\x41\\x56\\x41\\x55\\x41\\x54\\x4D\\x89\\xC4"
    }
  },
  "CBaseModelEntity_SetModel": {
    "signatures": {
        "library": "server",
        "windows": "\\x48\\x89\\x5C\\x24\\x2A\\x48\\x89\\x7C\\x24\\x2A\\x55\\x48\\x8B\\xEC\\x48\\x83\\xEC\\x50\\x48\\x8B\\xF9\\x4C\\x8B\\xC2",
        "linux": "\\x55\\x48\\x89\\xF2\\x48\\x89\\xE5\\x41\\x54\\x49\\x89\\xFC\\x48\\x8D\\x7D\\xE0\\x48\\x83\\xEC\\x2A\\x48\\x8D\\x05\\x2A\\x2A\\x2A\\x2A\\x48\\x8B\\x30\\x48\\x8B\\x06"
    }
  },
  "CCSPlayer_WeaponServices_CanUse": {
    "signatures": {
      "library": "server",
      "windows": "\\x48\\x89\\x5C\\x24\\x10\\x48\\x89\\x6C\\x24\\x18\\x56\\x57\\x41\\x56\\x48\\x83\\xEC\\x30\\x80\\xB9\\xA0\\x00\\x00\\x00\\x00",
      "linux": "\\x48\\x85\\xF6\\x0F\\x84\\x2A\\x2A\\x2A\\x2A\\x55\\x31\\xC9\\x48\\x89\\xE5\\x41\\x55\\x49\\x89\\xFD"
    }
  },
  "CCSPlayer_ItemServices_DropActivePlayerWeapon": {
    "offsets": {
        "windows": 18,
        "linux": 19
    }
  },
  "CCSPlayer_ItemServices_RemoveWeapons": {
      "offsets": {
          "windows": 19,
          "linux": 20
      }
  },
  "CGameSceneNode_GetSkeletonInstance": {
    "offsets": {
        "windows": 8,
        "linux": 8
    }
  },
  "CCSGameRules_TerminateRound": {
    "signatures": {
        "library": "server",
        "windows": "\\x48\\x8B\\xC4\\x4C\\x89\\x48\\x20\\x55\\x57",
        "linux": "\\x55\\x48\\x89\\xE5\\x41\\x57\\x41\\x56\\x41\\x55\\x41\\x54\\x49\\x89\\xFC\\x53\\x48\\x81\\xEC\\xE8\\x01\\x00\\x00\\x48\\x8D\\x05\\x2A\\x2A\\x2A\\x2A"
      }
  },
  "UTIL_CreateEntityByName": {
    "signatures": {
        "library": "server",
        "windows": "\\x48\\x83\\xEC\\x48\\xC6\\x44\\x24\\x30\\x00",
        "linux": "\\x48\\x8D\\x05\\x2A\\x2A\\x2A\\x2A\\x55\\x48\\x89\\xFA"
      }
  },
  "CBaseEntity_DispatchSpawn": {
    "signatures": {
        "library": "server",
        "windows": "\\x48\\x89\\x5C\\x24\\x10\\x57\\x48\\x83\\xEC\\x30\\x48\\x8B\\xDA\\x48\\x8B\\xF9\\x48\\x85\\xC9",
        "linux": "\\x48\\x85\\xFF\\x74\\x2A\\x55\\x48\\x89\\xE5\\x41\\x56"
      }
  },
  "CEntityInstance_AcceptInput": {
    "signatures": {
      "library": "server",
      "windows": "\\x48\\x89\\x5C\\x24\\x10\\x48\\x89\\x74\\x24\\x18\\x57\\x48\\x83\\xEC\\x40\\x49\\x8B\\xF0",
      "linux": "\\x55\\x48\\x89\\xE5\\x41\\x57\\x49\\x89\\xFF\\x41\\x56\\x48\\x8D\\x7D\\xC0"
    }
  },
  "LegacyGameEventListener": {
    "signatures": {
      "library": "server",
      "windows": "\\x48\\x8B\\x15\\x2A\\x2A\\x2A\\x2A\\x48\\x85\\xD2\\x74\\x2A\\x85\\xC9\\x74",
      "linux": "\\x48\\x8B\\x05\\x2A\\x2A\\x2A\\x2A\\x48\\x85\\xC0\\x74\\x2A\\x83\\xFF\\x3F\\x76\\x2A\\x31\\xC0"
    }
  },
  "CBasePlayerPawn_CommitSuicide": {
    "offsets": {
      "windows": 360,
      "linux": 360
    }
  },
  "CBasePlayerPawn_RemovePlayerItem": {
    "signatures": {
      "library": "server",
      "linux": "\\x55\\x48\\x89\\x2A\\x41\\x2A\\x49\\x89\\x2A\\x41\\x2A\\x49\\x89\\x2A\\xE8\\x2A\\x2A\\x2A\\x2A\\x49\\x39",
      "windows": "\\x48\\x85\\xD2\\x0F\\x84\\x2A\\x2A\\x2A\\x2A\\x48\\x89\\x5C\\x24\\x08\\x57\\x48\\x83\\xEC\\x30\\x48\\x8B\\xDA"
    }
  },
  "CBaseEntity_Teleport": {
    "offsets": {
      "windows": 149,
      "linux": 148
    }
  },
  "CBaseEntity_TakeDamageOld": {
    "signatures": {
      "library": "server",
      "windows": "\\x40\\x56\\x57\\x48\\x83\\xEC\\x58\\x48\\x8B\\x41\\x10",
      "linux": "\\x55\\x48\\x89\\xE5\\x41\\x57\\x41\\x56\\x41\\x55\\x41\\x54\\x49\\x89\\xFC\\x53\\x48\\x83\\xEC\\x38\\x4C\\x8D\\x2D\\x2A\\x2A\\x2A\\x2A\\x49\\x8B\\x7D\\x00\\x48\\x85\\xFF\\x0F\\x84\\x2A\\x2A\\x2A\\x2A"
    }
  },
  "CBaseTrigger_StartTouch": {
    "signatures": {
      "library": "server",
      "windows": "\\x41\\x56\\x41\\x57\\x48\\x83\\xEC\\x58\\x48\\x8B\\x01",
      "linux": "\\x55\\x48\\x89\\xE5\\x41\\x56\\x49\\x89\\xF6\\x41\\x55\\x49\\x89\\xFD\\x41\\x54\\x53\\xBB"
    }
  },
  "CBaseTrigger_EndTouch": {
    "signatures": {
      "library": "server",
      "windows": "\\x40\\x53\\x57\\x41\\x55\\x48\\x83\\xEC\\x40",
      "linux": "\\x55\\xBA\\xFF\\xFF\\xFF\\xFF\\x48\\x89\\xE5\\x41\\x57\\x41\\x56\\x41\\x55\\x49\\x89\\xF5\\x41"
    }
  },
  "StateChanged": {
    "signatures": {
      "library": "server",
      "windows": "\\x40\\x55\\x53\\x56\\x41\\x55\\x41\\x57\\x48\\x8D\\x6C\\x24\\xB0",
      "linux": "\\x55\\x48\\x89\\xE5\\x41\\x57\\x41\\x56\\x41\\x55\\x41\\x54\\x53\\x89\\xD3"
    }
  },
  "NetworkStateChanged": {
    "signatures": {
      "library": "server",
      "windows": "\\x4C\\x8B\\xC9\\x48\\x8B\\x09\\x48\\x85\\xC9\\x74\\x2A\\x48\\x8B\\x41\\x10",
      "linux": "\\x4C\\x8B\\x07\\x4D\\x85\\xC0\\x74\\x2A\\x49\\x8B\\x40\\x10"
    }
  },
  "GameEntitySystem": {
    "offsets": {
      "windows": 88,
      "linux": 80
    }
  },
  "GameEventManager": {
    "offsets": {
      "windows": 93,
      "linux": 93
    }
  },
  "CEntityIOOutput_FireOutputInternal": {
    "signatures": {
      "library": "server",
      "windows": "\\x4C\\x89\\x4C\\x24\\x20\\x53\\x55\\x57\\x41\\x54\\x41\\x56\\x48\\x81\\xEC",
      "linux": "\\x55\\x48\\x89\\xE5\\x41\\x57\\x41\\x56\\x41\\x55\\x41\\x54\\x49\\x89\\xD4\\x53\\x48\\x89\\xF3\\x48\\x83\\xEC\\x58"
    }
  },
  "IGameSystem_InitAllSystems_pFirst": {
    "signatures": {
      "library": "server",
      "windows": "\\x48\\x8B\\x1D\\x2A\\x2A\\x2A\\x2A\\x48\\x85\\xDB\\x0F\\x84\\x2A\\x2A\\x2A\\x2A\\xBE\\x2A\\x2A\\x2A\\x2A\\x0F\\x1F\\x00\\x48\\x8B\\x7B\\x10",
      "linux": "\\x4C\\x8B\\x35\\x2A\\x2A\\x2A\\x2A\\x4D\\x85\\xF6\\x75\\x2D\\xE9\\x2A\\x2A\\x2A\\x2A\\x0F\\x1F\\x40\\x00\\x48\\x8B\\x05"
    }
  },
  "CEntityResourceManifest_AddResource": {
    "offsets": {
      "windows": 2,
      "linux": 2
    }
  }
}
